Name,Type1ID,Type2ID,Total,HP,Attack,Defense,Sp. Atk,Sp. Def,Speed,Generation,Legendary
Bulbasaur,11,15,318,45,49,49,65,65,45,1,0
Ivysaur,11,15,405,60,62,63,80,80,60,1,0
Venusaur,11,15,525,80,82,83,100,100,80,1,0
VenusaurMega Venusaur,11,15,625,80,100,123,122,120,80,1,0
Charmander,8,1,309,39,52,43,60,50,65,1,0
Charmeleon,8,1,405,58,64,58,80,65,80,1,0
CharizardMega Charizard X,8,4,634,78,130,111,130,85,100,1,0
Charizard,8,9,534,78,84,78,109,85,100,1,0
CharizardMega Charizard Y,8,9,634,78,104,78,159,115,100,1,0
Squirtle,19,1,314,44,48,65,50,64,43,1,0
Wartortle,19,1,405,59,63,80,65,80,58,1,0
BlastoiseMega Blastoise,19,1,630,79,103,120,135,115,78,1,0
Blastoise,19,1,530,79,83,100,85,105,78,1,0
Caterpie,2,1,195,45,30,35,20,20,45,1,0
Metapod,2,1,205,50,20,55,25,25,30,1,0
Butterfree,2,9,395,60,45,50,90,80,70,1,0
Weedle,2,15,195,40,35,30,20,20,50,1,0
Kakuna,2,15,205,45,25,50,25,25,35,1,0
Beedrill,2,15,395,65,90,40,45,80,75,1,0
BeedrillMega Beedrill,2,15,495,65,150,40,15,80,145,1,0
Pidgey,14,9,251,40,45,40,35,35,56,1,0
Pidgeotto,14,9,349,63,60,55,50,50,71,1,0
Pidgeot,14,9,479,83,80,75,70,70,101,1,0
PidgeotMega Pidgeot,14,9,579,83,80,80,135,80,121,1,0
Rattata,14,1,253,30,56,35,25,35,72,1,0
Raticate,14,1,413,55,81,60,50,70,97,1,0
Spearow,14,9,262,40,60,30,31,31,70,1,0
Fearow,14,9,442,65,90,65,61,61,100,1,0
Ekans,15,1,288,35,60,44,40,54,55,1,0
Arbok,15,1,438,60,85,69,65,79,80,1,0
Pikachu,5,1,320,35,55,40,50,50,90,1,0
Raichu,5,1,485,60,90,55,90,80,110,1,0
Sandshrew,12,1,300,50,75,85,20,30,40,1,0
Sandslash,12,1,450,75,100,110,45,55,65,1,0
Nidoranâ™€,15,1,275,55,47,52,40,40,41,1,0
Nidorina,15,1,365,70,62,67,55,55,56,1,0
Nidoqueen,15,12,505,90,92,87,75,85,76,1,0
Nidoranâ™‚,15,1,273,46,57,40,40,40,50,1,0
Nidorino,15,1,365,61,72,57,55,55,65,1,0
Clefairy,6,1,323,70,45,48,60,65,35,1,0
Ninetales,8,1,505,73,76,75,81,100,100,1,0
Jigglypuff,14,6,270,115,45,20,45,25,20,1,0
Wigglytuff,14,6,435,140,70,45,85,50,45,1,0
Zubat,15,9,245,40,45,35,30,40,55,1,0
Golbat,15,9,455,75,80,70,65,75,90,1,0
Oddish,11,15,320,45,50,55,75,65,30,1,0
Gloom,11,15,395,60,65,70,85,75,40,1,0
Vileplume,11,15,490,75,80,85,110,90,50,1,0
Paras,2,11,285,35,70,55,45,55,25,1,0
Parasect,2,11,405,60,95,80,60,80,30,1,0
Venonat,2,15,305,60,55,50,40,55,45,1,0
Venomoth,2,15,450,70,65,60,90,75,90,1,0
Diglett,12,1,265,10,55,25,35,45,95,1,0
Dugtrio,12,1,405,35,80,50,50,70,120,1,0
Meowth,14,1,290,40,45,35,40,40,90,1,0
Persian,14,1,440,65,70,60,65,65,115,1,0
Psyduck,19,1,320,50,52,48,65,50,55,1,0
Golduck,19,1,500,80,82,78,95,80,85,1,0
Mankey,7,1,305,40,80,35,35,45,70,1,0
Primeape,7,1,455,65,105,60,60,70,95,1,0
Growlithe,8,1,350,55,70,45,70,50,60,1,0
Arcanine,8,1,555,90,110,80,100,80,95,1,0
Poliwag,19,1,300,40,50,40,40,40,90,1,0
Poliwhirl,19,1,385,65,65,65,50,50,90,1,0
Poliwrath,19,7,510,90,95,95,70,90,70,1,0
Abra,16,1,310,25,20,15,105,55,90,1,0
Kadabra,16,1,400,40,35,30,120,70,105,1,0
AlakazamMega Alakazam,16,1,590,55,50,65,175,95,150,1,0
Alakazam,16,1,500,55,50,45,135,95,120,1,0
Machop,7,1,305,70,80,50,35,35,35,1,0
Machoke,7,1,405,80,100,70,50,60,45,1,0
Machamp,7,1,505,90,130,80,65,85,55,1,0
Bellsprout,11,15,300,50,75,35,70,30,40,1,0
Weepinbell,11,15,390,65,90,50,85,45,55,1,0
Victreebel,11,15,490,80,105,65,100,70,70,1,0
Tentacool,19,15,335,40,40,35,50,100,70,1,0
Tentacruel,19,15,515,80,70,65,80,120,100,1,0
Geodude,17,12,300,40,80,100,30,30,20,1,0
Graveler,17,12,390,55,95,115,45,45,35,1,0
Golem,17,12,495,80,120,130,55,65,45,1,0
Ponyta,8,1,410,50,85,55,65,65,90,1,0
Rapidash,8,1,500,65,100,70,80,80,105,1,0
Slowpoke,19,16,315,90,65,65,40,40,15,1,0
SlowbroMega Slowbro,19,16,590,95,75,180,130,80,30,1,0
Slowbro,19,16,490,95,75,110,100,80,30,1,0
Magnemite,5,18,325,25,35,70,95,55,45,1,0
Magneton,5,18,465,50,60,95,120,70,70,1,0
Farfetch'd,14,9,352,52,65,55,58,62,60,1,0
Doduo,14,9,310,35,85,45,35,35,75,1,0
Dodrio,14,9,460,60,110,70,60,60,100,1,0
Seel,19,1,325,65,45,55,45,70,45,1,0
Dewgong,19,13,475,90,70,80,70,95,70,1,0
Grimer,15,1,325,80,80,50,40,50,25,1,0
Muk,15,1,500,105,105,75,65,100,50,1,0
Shellder,19,1,305,30,65,100,45,25,40,1,0
Cloyster,19,13,525,50,95,180,85,45,70,1,0
Gastly,10,15,310,30,35,30,100,35,80,1,0
Haunter,10,15,405,45,50,45,115,55,95,1,0
GengarMega Gengar,10,15,600,60,65,80,170,95,130,1,0
Gengar,10,15,500,60,65,60,130,75,110,1,0
Onix,17,12,385,35,45,160,30,45,70,1,0
Drowzee,16,1,328,60,48,45,43,90,42,1,0
Hypno,16,1,483,85,73,70,73,115,67,1,0
Krabby,19,1,325,30,105,90,25,25,50,1,0
Kingler,19,1,475,55,130,115,50,50,75,1,0
Voltorb,5,1,330,40,30,50,55,55,100,1,0
Electrode,5,1,480,60,50,70,80,80,140,1,0
Exeggcute,11,16,325,60,40,80,60,45,40,1,0
Exeggutor,11,16,520,95,95,85,125,65,55,1,0
Cubone,12,1,320,50,50,95,40,50,35,1,0
Marowak,12,1,425,60,80,110,50,80,45,1,0
Hitmonlee,7,1,455,50,120,53,35,110,87,1,0
Hitmonchan,7,1,455,50,105,79,35,110,76,1,0
Lickitung,14,1,385,90,55,75,60,75,30,1,0
Koffing,15,1,340,40,65,95,60,45,35,1,0
Weezing,15,1,490,65,90,120,85,70,60,1,0
Rhyhorn,12,17,345,80,85,95,30,30,25,1,0
Rhydon,12,17,485,105,130,120,45,45,40,1,0
Chansey,14,1,450,250,5,5,35,105,50,1,0
Tangela,11,1,435,65,55,115,100,40,60,1,0
KangaskhanMega Kangaskhan,14,1,590,105,125,100,60,100,100,1,0
Kangaskhan,14,1,490,105,95,80,40,80,90,1,0
Horsea,19,1,295,30,40,70,70,25,60,1,0
Seadra,19,1,440,55,65,95,95,45,85,1,0
Goldeen,19,1,320,45,67,60,35,50,63,1,0
Seaking,19,1,450,80,92,65,65,80,68,1,0
Staryu,19,1,340,30,45,55,70,55,85,1,0
Starmie,19,16,520,60,75,85,100,85,115,1,0
Mr. Mime,16,6,460,40,45,65,100,120,90,1,0
Scyther,2,9,500,70,110,80,55,80,105,1,0
Jynx,13,16,455,65,50,35,115,95,95,1,0
Electabuzz,5,1,490,65,83,57,95,85,105,1,0
Magmar,8,1,495,65,95,57,100,85,93,1,0
Pinsir,2,1,500,65,125,100,55,70,85,1,0
PinsirMega Pinsir,2,9,600,65,155,120,65,90,105,1,0
Tauros,14,1,490,75,100,95,40,70,110,1,0
Magikarp,19,1,200,20,10,55,15,20,80,1,0
GyaradosMega Gyarados,19,3,640,95,155,109,70,130,81,1,0
Gyarados,19,9,540,95,125,79,60,100,81,1,0
Lapras,19,13,535,130,85,80,85,95,60,1,0
Eevee,14,1,325,55,55,50,45,65,55,1,0
Vaporeon,19,1,525,130,65,60,110,95,65,1,0
Jolteon,5,1,525,65,65,60,110,95,130,1,0
Flareon,8,1,525,65,130,60,95,110,65,1,0
Porygon,14,1,395,65,60,70,85,75,40,1,0
Omanyte,17,19,355,35,40,100,90,55,35,1,0
Omastar,17,19,495,70,60,125,115,70,55,1,0
Kabuto,17,19,355,30,80,90,55,45,55,1,0
Kabutops,17,19,495,60,115,105,65,70,80,1,0
AerodactylMega Aerodactyl,17,9,615,80,135,85,70,95,150,1,0
Aerodactyl,17,9,515,80,105,65,60,75,130,1,0
Snorlax,14,1,540,160,110,65,65,110,30,1,0
Articuno,13,9,580,90,85,100,95,125,85,1,1
Zapdos,5,9,580,90,90,85,125,90,100,1,1
Moltres,8,9,580,90,100,90,125,85,90,1,1
Dratini,4,1,300,41,64,45,50,50,50,1,0
Dragonair,4,1,420,61,84,65,70,70,70,1,0
MewtwoMega Mewtwo Y,16,1,780,106,150,70,194,120,140,1,1
MewtwoMega Mewtwo X,16,7,780,106,190,100,154,100,130,1,1
Mew,16,1,600,100,100,100,100,100,100,1,0
Chikorita,11,1,318,45,49,65,49,65,45,2,0
Bayleef,11,1,405,60,62,80,63,80,60,2,0
Meganium,11,1,525,80,82,100,83,100,80,2,0
Cyndaquil,8,1,309,39,52,43,60,50,65,2,0
Quilava,8,1,405,58,64,58,80,65,80,2,0
Typhlosion,8,1,534,78,84,78,109,85,100,2,0
Totodile,19,1,314,50,65,64,44,48,43,2,0
Croconaw,19,1,405,65,80,80,59,63,58,2,0
Feraligatr,19,1,530,85,105,100,79,83,78,2,0
Sentret,14,1,215,35,46,34,35,45,20,2,0
Furret,14,1,415,85,76,64,45,55,90,2,0
Hoothoot,14,9,262,60,30,30,36,56,50,2,0
Noctowl,14,9,442,100,50,50,76,96,70,2,0
Ledyba,2,9,265,40,20,30,40,80,55,2,0
Ledian,2,9,390,55,35,50,55,110,85,2,0
Spinarak,2,15,250,40,60,40,40,40,30,2,0
Ariados,2,15,390,70,90,70,60,60,40,2,0
Crobat,15,9,535,85,90,80,70,80,130,2,0
Chinchou,19,5,330,75,38,38,56,56,67,2,0
Lanturn,19,5,460,125,58,58,76,76,67,2,0
Pichu,5,1,205,20,40,15,35,35,60,2,0
Cleffa,6,1,218,50,25,28,45,55,15,2,0
Igglybuff,14,6,210,90,30,15,40,20,15,2,0
Togepi,6,1,245,35,20,65,40,65,20,2,0
Togetic,6,9,405,55,40,85,80,105,40,2,0
Natu,16,9,320,40,50,45,70,45,70,2,0
Mareep,5,1,280,55,40,40,65,45,35,2,0
Flaaffy,5,1,365,70,55,55,80,60,45,2,0
AmpharosMega Ampharos,5,4,610,90,95,105,165,110,45,2,0
Ampharos,5,1,510,90,75,85,115,90,55,2,0
Bellossom,11,1,490,75,80,95,90,100,50,2,0
Marill,19,6,250,70,20,50,20,50,40,2,0
Azumarill,19,6,420,100,50,80,60,80,50,2,0
Sudowoodo,17,1,410,70,100,115,30,65,30,2,0
Politoed,19,1,500,90,75,75,90,100,70,2,0
Hoppip,11,9,250,35,35,40,35,55,50,2,0
Skiploom,11,9,340,55,45,50,45,65,80,2,0
Jumpluff,11,9,460,75,55,70,55,95,110,2,0
Aipom,14,1,360,55,70,55,40,55,85,2,0
Sunkern,11,1,180,30,30,30,30,30,30,2,0
Sunflora,11,1,425,75,75,55,105,85,30,2,0
Yanma,2,9,390,65,65,45,75,45,95,2,0
Wooper,19,12,210,55,45,45,25,25,15,2,0
Quagsire,19,12,430,95,85,85,65,65,35,2,0
Espeon,16,1,525,65,65,60,130,95,110,2,0
Murkrow,3,9,405,60,85,42,85,42,91,2,0
Slowking,19,16,490,95,75,80,100,110,30,2,0
Misdreavus,10,1,435,60,60,60,85,85,85,2,0
Unown,16,1,336,48,72,48,72,48,48,2,0
Wobbuffet,16,1,405,190,33,58,33,58,33,2,0
Girafarig,14,16,455,70,80,65,90,65,85,2,0
Pineco,2,1,290,50,65,90,35,35,15,2,0
Forretress,2,18,465,75,90,140,60,60,40,2,0
Dunsparce,14,1,415,100,70,70,65,65,45,2,0
Gligar,12,9,430,65,75,105,35,65,85,2,0
Steelix,18,12,510,75,85,200,55,65,30,2,0
SteelixMega Steelix,18,12,610,75,125,230,55,95,30,2,0
Snubbull,6,1,300,60,80,50,40,40,30,2,0
Granbull,6,1,450,90,120,75,60,60,45,2,0
Qwilfish,19,15,430,65,95,75,55,55,85,2,0
Scizor,2,18,500,70,130,100,55,80,65,2,0
Shuckle,2,17,505,20,10,230,10,230,5,2,0
Heracross,2,7,500,80,125,75,40,95,85,2,0
HeracrossMega Heracross,2,7,600,80,185,115,40,105,75,2,0
Sneasel,3,13,430,55,95,55,35,75,115,2,0
Teddiursa,14,1,330,60,80,50,50,50,40,2,0
Ursaring,14,1,500,90,130,75,75,75,55,2,0
Slugma,8,1,250,40,40,40,70,40,20,2,0
Magcargo,8,17,410,50,50,120,80,80,30,2,0
Swinub,13,12,250,50,50,40,30,30,50,2,0
Piloswine,13,12,450,100,100,80,60,60,50,2,0
Corsola,19,17,380,55,55,85,65,85,35,2,0
Remoraid,19,1,300,35,65,35,65,35,65,2,0
Octillery,19,1,480,75,105,75,105,75,45,2,0
Delibird,13,9,330,45,55,45,65,45,75,2,0
Mantine,19,9,465,65,40,70,80,140,70,2,0
Skarmory,18,9,465,65,80,140,40,70,70,2,0
Houndour,3,8,330,45,60,30,80,50,65,2,0
HoundoomMega Houndoom,3,8,600,75,90,90,140,90,115,2,0
Houndoom,3,8,500,75,90,50,110,80,95,2,0
Kingdra,19,4,540,75,95,95,95,95,85,2,0
Phanpy,12,1,330,90,60,60,40,40,40,2,0
Donphan,12,1,500,90,120,120,60,60,50,2,0
Porygon2,14,1,515,85,80,90,105,95,60,2,0
Stantler,14,1,465,73,95,62,85,65,85,2,0
Smeargle,14,1,250,55,20,35,20,45,75,2,0
Tyrogue,7,1,210,35,35,35,35,35,35,2,0
Hitmontop,7,1,455,50,95,95,35,110,70,2,0
Smoochum,13,16,305,45,30,15,85,65,65,2,0
Elekid,5,1,360,45,63,37,65,55,95,2,0
Magby,8,1,365,45,75,37,70,55,83,2,0
Miltank,14,1,490,95,80,105,40,70,100,2,0
Blissey,14,1,540,255,10,10,75,135,55,2,0
Raikou,5,1,580,90,85,75,115,100,115,2,1
Entei,8,1,580,115,115,85,90,75,100,2,1
Suicune,19,1,580,100,75,115,90,115,85,2,1
Larvitar,17,12,300,50,64,50,45,50,41,2,0
Pupitar,17,12,410,70,84,70,65,70,51,2,0
Tyranitar,17,3,600,100,134,110,95,100,61,2,0
TyranitarMega Tyranitar,17,3,700,100,164,150,95,120,71,2,0
Lugia,16,9,680,106,90,130,90,154,110,2,1
Ho-oh,8,9,680,106,130,90,110,154,90,2,1
Celebi,16,11,600,100,100,100,100,100,100,2,0
Treecko,11,1,310,40,45,35,65,55,70,3,0
Grovyle,11,1,405,50,65,45,85,65,95,3,0
SceptileMega Sceptile,11,4,630,70,110,75,145,85,145,3,0
Sceptile,11,1,530,70,85,65,105,85,120,3,0
Torchic,8,1,310,45,60,40,70,50,45,3,0
Combusken,8,7,405,60,85,60,85,60,55,3,0
BlazikenMega Blaziken,8,7,630,80,160,80,130,80,100,3,0
Blaziken,8,7,530,80,120,70,110,70,80,3,0
Mudkip,19,1,310,50,70,50,50,50,40,3,0
Marshtomp,19,12,405,70,85,70,60,70,50,3,0
Swampert,19,12,535,100,110,90,85,90,60,3,0
SwampertMega Swampert,19,12,635,100,150,110,95,110,70,3,0
Poochyena,3,1,220,35,55,35,30,30,35,3,0
Mightyena,3,1,420,70,90,70,60,60,70,3,0
Zigzagoon,14,1,240,38,30,41,30,41,60,3,0
Linoone,14,1,420,78,70,61,50,61,100,3,0
Wurmple,2,1,195,45,45,35,20,30,20,3,0
Silcoon,2,1,205,50,35,55,25,25,15,3,0
Beautifly,2,9,395,60,70,50,100,50,65,3,0
Cascoon,2,1,205,50,35,55,25,25,15,3,0
Dustox,2,15,385,60,50,70,50,90,65,3,0
Lotad,19,11,220,40,30,30,40,50,30,3,0
Lombre,19,11,340,60,50,50,60,70,50,3,0
Ludicolo,19,11,480,80,70,70,90,100,70,3,0
Seedot,11,1,220,40,40,50,30,30,30,3,0
Nuzleaf,11,3,340,70,70,40,60,40,60,3,0
Shiftry,11,3,480,90,100,60,90,60,80,3,0
Taillow,14,9,270,40,55,30,30,30,85,3,0
Swellow,14,9,430,60,85,60,50,50,125,3,0
Wingull,19,9,270,40,30,30,55,30,85,3,0
Pelipper,19,9,430,60,50,100,85,70,65,3,0
Ralts,16,6,198,28,25,25,45,35,40,3,0
Kirlia,16,6,278,38,35,35,65,55,50,3,0
GardevoirMega Gardevoir,16,6,618,68,85,65,165,135,100,3,0
Gardevoir,16,6,518,68,65,65,125,115,80,3,0
Surskit,2,19,269,40,30,32,50,52,65,3,0
Masquerain,2,9,414,70,60,62,80,82,60,3,0
Shroomish,11,1,295,60,40,60,40,60,35,3,0
Breloom,11,7,460,60,130,80,60,60,70,3,0
Slakoth,14,1,280,60,60,60,35,35,30,3,0
Vigoroth,14,1,440,80,80,80,55,55,90,3,0
Slaking,14,1,670,150,160,100,95,65,100,3,0
Nincada,2,12,266,31,45,90,30,30,40,3,0
Ninjask,2,9,456,61,90,45,50,50,160,3,0
Shedinja,2,10,236,1,90,45,30,30,40,3,0
Whismur,14,1,240,64,51,23,51,23,28,3,0
Loudred,14,1,360,84,71,43,71,43,48,3,0
Exploud,14,1,490,104,91,63,91,73,68,3,0
Makuhita,7,1,237,72,60,30,20,30,25,3,0
Hariyama,7,1,474,144,120,60,40,60,50,3,0
Azurill,14,6,190,50,20,40,20,40,20,3,0
Nosepass,17,1,375,30,45,135,45,90,30,3,0
Skitty,14,1,260,50,45,45,35,35,50,3,0
Delcatty,14,1,380,70,65,65,55,55,70,3,0
SableyeMega Sableye,3,10,480,50,85,125,85,115,20,3,0
Sableye,3,10,380,50,75,75,65,65,50,3,0
Mawile,18,6,380,50,85,85,55,55,50,3,0
MawileMega Mawile,18,6,480,50,105,125,55,95,50,3,0
Aron,18,17,330,50,70,100,40,40,30,3,0
Lairon,18,17,430,60,90,140,50,50,40,3,0
Aggron,18,17,530,70,110,180,60,60,50,3,0
AggronMega Aggron,18,1,630,70,140,230,60,80,50,3,0
Meditite,7,16,280,30,40,55,40,55,60,3,0
Medicham,7,16,410,60,60,75,60,75,80,3,0
MedichamMega Medicham,7,16,510,60,100,85,80,85,100,3,0
Electrike,5,1,295,40,45,40,65,40,65,3,0
Manectric,5,1,475,70,75,60,105,60,105,3,0
ManectricMega Manectric,5,1,575,70,75,80,135,80,135,3,0
Plusle,5,1,405,60,50,40,85,75,95,3,0
Minun,5,1,405,60,40,50,75,85,95,3,0
Volbeat,2,1,400,65,73,55,47,75,85,3,0
Illumise,2,1,400,65,47,55,73,75,85,3,0
Roselia,11,15,400,50,60,45,100,80,65,3,0
Gulpin,15,1,302,70,43,53,43,53,40,3,0
Swalot,15,1,467,100,73,83,73,83,55,3,0
Carvanha,19,3,305,45,90,20,65,20,65,3,0
SharpedoMega Sharpedo,19,3,560,70,140,70,110,65,105,3,0
Sharpedo,19,3,460,70,120,40,95,40,95,3,0
Wailmer,19,1,400,130,70,35,70,35,60,3,0
Wailord,19,1,500,170,90,45,90,45,60,3,0
Numel,8,12,305,60,60,40,65,45,35,3,0
CameruptMega Camerupt,8,12,560,70,120,100,145,105,20,3,0
Camerupt,8,12,460,70,100,70,105,75,40,3,0
Spoink,16,1,330,60,25,35,70,80,60,3,0
Grumpig,16,1,470,80,45,65,90,110,80,3,0
Spinda,14,1,360,60,60,60,60,60,60,3,0
Trapinch,12,1,290,45,100,45,45,45,10,3,0
Vibrava,12,4,340,50,70,50,50,50,70,3,0
Flygon,12,4,520,80,100,80,80,80,100,3,0
Cacnea,11,1,335,50,85,40,85,40,35,3,0
Cacturne,11,3,475,70,115,60,115,60,55,3,0
Swablu,14,9,310,45,40,60,40,75,50,3,0
AltariaMega Altaria,4,6,590,75,110,110,110,105,80,3,0
Altaria,4,9,490,75,70,90,70,105,80,3,0
Zangoose,14,1,458,73,115,60,60,60,90,3,0
Seviper,15,1,458,73,100,60,100,60,65,3,0
Lunatone,17,16,440,70,55,65,95,85,70,3,0
Solrock,17,16,440,70,95,85,55,65,70,3,0
Barboach,19,12,288,50,48,43,46,41,60,3,0
Whiscash,19,12,468,110,78,73,76,71,60,3,0
Corphish,19,1,308,43,80,65,50,35,35,3,0
Crawdaunt,19,3,468,63,120,85,90,55,55,3,0
Baltoy,12,16,300,40,40,55,40,70,55,3,0
Claydol,12,16,500,60,70,105,70,120,75,3,0
Lileep,17,11,355,66,41,77,61,87,23,3,0
Cradily,17,11,495,86,81,97,81,107,43,3,0
Anorith,17,2,355,45,95,50,40,50,75,3,0
Armaldo,17,2,495,75,125,100,70,80,45,3,0
Feebas,19,1,200,20,15,20,10,55,80,3,0
Milotic,19,1,540,95,60,79,100,125,81,3,0
Castform,14,1,420,70,70,70,70,70,70,3,0
Kecleon,14,1,440,60,90,70,60,120,40,3,0
Shuppet,10,1,295,44,75,35,63,33,45,3,0
BanetteMega Banette,10,1,555,64,165,75,93,83,75,3,0
Banette,10,1,455,64,115,65,83,63,65,3,0
Duskull,10,1,295,20,40,90,30,90,25,3,0
Dusclops,10,1,455,40,70,130,60,130,25,3,0
Tropius,11,9,460,99,68,83,72,87,51,3,0
Chimecho,16,1,425,65,50,70,95,80,65,3,0
AbsolMega Absol,3,1,565,65,150,60,115,60,115,3,0
Absol,3,1,465,65,130,60,75,60,75,3,0
Wynaut,16,1,260,95,23,48,23,48,23,3,0
Snorunt,13,1,300,50,50,50,50,50,50,3,0
GlalieMega Glalie,13,1,580,80,120,80,120,80,100,3,0
Glalie,13,1,480,80,80,80,80,80,80,3,0
Spheal,13,19,290,70,40,50,55,50,25,3,0
Sealeo,13,19,410,90,60,70,75,70,45,3,0
Walrein,13,19,530,110,80,90,95,90,65,3,0
Clamperl,19,1,345,35,64,85,74,55,32,3,0
Huntail,19,1,485,55,104,105,94,75,52,3,0
Gorebyss,19,1,485,55,84,105,114,75,52,3,0
Relicanth,19,17,485,100,90,130,45,65,55,3,0
Luvdisc,19,1,330,43,30,55,40,65,97,3,0
Shelgon,4,1,420,65,95,100,60,50,50,3,0
Salamence,4,9,600,95,135,80,110,80,100,3,0
SalamenceMega Salamence,4,9,700,95,145,130,120,90,120,3,0
Beldum,18,16,300,40,55,80,35,60,30,3,0
Metang,18,16,420,60,75,100,55,80,50,3,0
MetagrossMega Metagross,18,16,700,80,145,150,105,110,110,3,0
Metagross,18,16,600,80,135,130,95,90,70,3,0
Regirock,17,1,580,80,100,200,50,100,50,3,1
Registeel,18,1,580,80,75,150,75,150,50,3,1
Latias,4,16,600,80,80,90,110,130,110,3,1
LatiasMega Latias,4,16,700,80,100,120,140,150,110,3,1
Latios,4,16,600,80,90,80,130,110,110,3,1
LatiosMega Latios,4,16,700,80,130,100,160,120,110,3,1
KyogrePrimal Kyogre,19,1,770,100,150,90,180,160,90,3,1
Kyogre,19,1,670,100,100,90,150,140,90,3,1
GroudonPrimal Groudon,12,8,770,100,180,160,150,90,90,3,1
Groudon,12,1,670,100,150,140,100,90,90,3,1
RayquazaMega Rayquaza,4,9,780,105,180,100,180,100,115,3,1
Rayquaza,4,9,680,105,150,90,150,90,95,3,1
Jirachi,18,16,600,100,100,100,100,100,100,3,1
DeoxysNormal Forme,16,1,600,50,150,50,150,50,150,3,1
DeoxysAttack Forme,16,1,600,50,180,20,180,20,150,3,1
DeoxysDefense Forme,16,1,600,50,70,160,70,160,90,3,1
DeoxysSpeed Forme,16,1,600,50,95,90,95,90,180,3,1
Turtwig,11,1,318,55,68,64,45,55,31,4,0
Grotle,11,1,405,75,89,85,55,65,36,4,0
Torterra,11,12,525,95,109,105,75,85,56,4,0
Chimchar,8,1,309,44,58,44,58,44,61,4,0
Monferno,8,7,405,64,78,52,78,52,81,4,0
Infernape,8,7,534,76,104,71,104,71,108,4,0
Piplup,19,1,314,53,51,53,61,56,40,4,0
Prinplup,19,1,405,64,66,68,81,76,50,4,0
Empoleon,19,18,530,84,86,88,111,101,60,4,0
Starly,14,9,245,40,55,30,30,30,60,4,0
Staraptor,14,9,485,85,120,70,50,60,100,4,0
Bidoof,14,1,250,59,45,40,35,40,31,4,0
Bibarel,14,19,410,79,85,60,55,60,71,4,0
Kricketot,2,1,194,37,25,41,25,41,25,4,0
Kricketune,2,1,384,77,85,51,55,51,65,4,0
Shinx,5,1,263,45,65,34,40,34,45,4,0
Luxio,5,1,363,60,85,49,60,49,60,4,0
Luxray,5,1,523,80,120,79,95,79,70,4,0
Budew,11,15,280,40,30,35,50,70,55,4,0
Roserade,11,15,515,60,70,65,125,105,90,4,0
Cranidos,17,1,350,67,125,40,30,30,58,4,0
Rampardos,17,1,495,97,165,60,65,50,58,4,0
Shieldon,17,18,350,30,42,118,42,88,30,4,0
Bastiodon,17,18,495,60,52,168,47,138,30,4,0
Burmy,2,1,224,40,29,45,29,45,36,4,0
WormadamPlant Cloak,2,11,424,60,59,85,79,105,36,4,0
WormadamTrash Cloak,2,18,424,60,69,95,69,95,36,4,0
Mothim,2,9,424,70,94,50,94,50,66,4,0
Combee,2,9,244,30,30,42,30,42,70,4,0
Vespiquen,2,9,474,70,80,102,80,102,40,4,0
Pachirisu,5,1,405,60,45,70,45,90,95,4,0
Buizel,19,1,330,55,65,35,60,30,85,4,0
Floatzel,19,1,495,85,105,55,85,50,115,4,0
Cherubi,11,1,275,45,35,45,62,53,35,4,0
Cherrim,11,1,450,70,60,70,87,78,85,4,0
Shellos,19,1,325,76,48,48,57,62,34,4,0
Gastrodon,19,12,475,111,83,68,92,82,39,4,0
Ambipom,14,1,482,75,100,66,60,66,115,4,0
Drifloon,10,9,348,90,50,34,60,44,70,4,0
Drifblim,10,9,498,150,80,44,90,54,80,4,0
Buneary,14,1,350,55,66,44,44,56,85,4,0
LopunnyMega Lopunny,14,7,580,65,136,94,54,96,135,4,0
Lopunny,14,1,480,65,76,84,54,96,105,4,0
Mismagius,10,1,495,60,60,60,105,105,105,4,0
Honchkrow,3,9,505,100,125,52,105,52,71,4,0
Glameow,14,1,310,49,55,42,42,37,85,4,0
Purugly,14,1,452,71,82,64,64,59,112,4,0
Chingling,16,1,285,45,30,50,65,50,45,4,0
Stunky,15,3,329,63,63,47,41,41,74,4,0
Skuntank,15,3,479,103,93,67,71,61,84,4,0
Bronzor,18,16,300,57,24,86,24,86,23,4,0
Bronzong,18,16,500,67,89,116,79,116,33,4,0
Bonsly,17,1,290,50,80,95,10,45,10,4,0
Mime Jr.,16,6,310,20,25,45,70,90,60,4,0
Happiny,14,1,220,100,5,5,15,65,30,4,0
Chatot,14,9,411,76,65,45,92,42,91,4,0
Spiritomb,10,3,485,50,92,108,92,108,35,4,0
Gible,4,12,300,58,70,45,40,45,42,4,0
Gabite,4,12,410,68,90,65,50,55,82,4,0
GarchompMega Garchomp,4,12,700,108,170,115,120,95,92,4,0
Garchomp,4,12,600,108,130,95,80,85,102,4,0
Munchlax,14,1,390,135,85,40,40,85,5,4,0
Riolu,7,1,285,40,70,40,35,40,60,4,0
Lucario,7,18,525,70,110,70,115,70,90,4,0
LucarioMega Lucario,7,18,625,70,145,88,140,70,112,4,0
Hippopotas,12,1,330,68,72,78,38,42,32,4,0
Hippowdon,12,1,525,108,112,118,68,72,47,4,0
Skorupi,15,2,330,40,50,90,30,55,65,4,0
Drapion,15,3,500,70,90,110,60,75,95,4,0
Croagunk,15,7,300,48,61,40,61,40,50,4,0
Toxicroak,15,7,490,83,106,65,86,65,85,4,0
Carnivine,11,1,454,74,100,72,90,72,46,4,0
Finneon,19,1,330,49,49,56,49,61,66,4,0
Lumineon,19,1,460,69,69,76,69,86,91,4,0
Mantyke,19,9,345,45,20,50,60,120,50,4,0
Snover,11,13,334,60,62,50,62,60,40,4,0
Abomasnow,11,13,494,90,92,75,92,85,60,4,0
AbomasnowMega Abomasnow,11,13,594,90,132,105,132,105,30,4,0
Weavile,3,13,510,70,120,65,45,85,125,4,0
Magnezone,5,18,535,70,70,115,130,90,60,4,0
Lickilicky,14,1,515,110,85,95,80,95,50,4,0
Rhyperior,12,17,535,115,140,130,55,55,40,4,0
Tangrowth,11,1,535,100,100,125,110,50,50,4,0
Electivire,5,1,540,75,123,67,95,85,95,4,0
Magmortar,8,1,540,75,95,67,125,95,83,4,0
Yanmega,2,9,515,86,76,86,116,56,95,4,0
Leafeon,11,1,525,65,110,130,60,65,95,4,0
Gliscor,12,9,510,75,95,125,45,75,95,4,0
Mamoswine,13,12,530,110,130,80,70,60,80,4,0
Porygon-Z,14,1,535,85,80,70,135,75,90,4,0
Gallade,16,7,518,68,125,65,65,115,80,4,0
GalladeMega Gallade,16,7,618,68,165,95,65,115,110,4,0
Probopass,17,18,525,60,55,145,75,150,40,4,0
Dusknoir,10,1,525,45,100,135,65,135,45,4,0
Froslass,13,10,480,70,80,70,80,70,110,4,0
RotomFan Rotom,5,9,520,50,65,107,105,107,86,4,0
RotomWash Rotom,5,19,520,50,65,107,105,107,86,4,0
RotomMow Rotom,5,11,520,50,65,107,105,107,86,4,0
RotomFrost Rotom,5,13,520,50,65,107,105,107,86,4,0
RotomHeat Rotom,5,8,520,50,65,107,105,107,86,4,0
Rotom,5,10,440,50,50,77,95,77,91,4,0
Uxie,16,1,580,75,75,130,75,130,95,4,1
Mesprit,16,1,580,80,105,105,105,105,80,4,1
Azelf,16,1,580,75,125,70,125,70,115,4,1
Dialga,18,4,680,100,120,120,150,100,90,4,1
Palkia,19,4,680,90,120,100,150,120,100,4,1
Heatran,8,18,600,91,90,106,130,106,77,4,1
Regigigas,14,1,670,110,160,110,80,110,100,4,1
GiratinaAltered Forme,10,4,680,150,100,120,100,120,90,4,1
GiratinaOrigin Forme,10,4,680,150,120,100,120,100,90,4,1
Cresselia,16,1,600,120,70,120,75,130,85,4,0
Phione,19,1,480,80,80,80,80,80,80,4,0
Manaphy,19,1,600,100,100,100,100,100,100,4,0
Darkrai,3,1,600,70,90,90,135,90,125,4,1
ShayminSky Forme,11,9,600,100,103,75,120,75,127,4,1
ShayminLand Forme,11,1,600,100,100,100,100,100,100,4,1
Arceus,14,1,720,120,120,120,120,120,120,4,1
Victini,16,8,600,100,100,100,100,100,100,5,1
Snivy,11,1,308,45,45,55,45,55,63,5,0
Servine,11,1,413,60,60,75,60,75,83,5,0
Serperior,11,1,528,75,75,95,75,95,113,5,0
Tepig,8,1,308,65,63,45,45,45,45,5,0
Pignite,8,7,418,90,93,55,70,55,55,5,0
Emboar,8,7,528,110,123,65,100,65,65,5,0
Oshawott,19,1,308,55,55,45,63,45,45,5,0
Dewott,19,1,413,75,75,60,83,60,60,5,0
Samurott,19,1,528,95,100,85,108,70,70,5,0
Patrat,14,1,255,45,55,39,35,39,42,5,0
Watchog,14,1,420,60,85,69,60,69,77,5,0
Lillipup,14,1,275,45,60,45,25,45,55,5,0
Herdier,14,1,370,65,80,65,35,65,60,5,0
Stoutland,14,1,500,85,110,90,45,90,80,5,0
Purrloin,3,1,281,41,50,37,50,37,66,5,0
Liepard,3,1,446,64,88,50,88,50,106,5,0
Pansage,11,1,316,50,53,48,53,48,64,5,0
Simisage,11,1,498,75,98,63,98,63,101,5,0
Pansear,8,1,316,50,53,48,53,48,64,5,0
Simisear,8,1,498,75,98,63,98,63,101,5,0
Panpour,19,1,316,50,53,48,53,48,64,5,0
Simipour,19,1,498,75,98,63,98,63,101,5,0
Munna,16,1,292,76,25,45,67,55,24,5,0
Musharna,16,1,487,116,55,85,107,95,29,5,0
Pidove,14,9,264,50,55,50,36,30,43,5,0
Tranquill,14,9,358,62,77,62,50,42,65,5,0
Unfezant,14,9,488,80,115,80,65,55,93,5,0
Blitzle,5,1,295,45,60,32,50,32,76,5,0
Zebstrika,5,1,497,75,100,63,80,63,116,5,0
Roggenrola,17,1,280,55,75,85,25,25,15,5,0
Gigalith,17,1,515,85,135,130,60,80,25,5,0
Woobat,16,9,313,55,45,43,55,43,72,5,0
Swoobat,16,9,425,67,57,55,77,55,114,5,0
Drilbur,12,1,328,60,85,40,30,45,68,5,0
Excadrill,12,18,508,110,135,60,50,65,88,5,0
Audino,14,1,445,103,60,86,60,86,50,5,0
AudinoMega Audino,14,6,545,103,60,126,80,126,50,5,0
Timburr,7,1,305,75,80,55,25,35,35,5,0
Gurdurr,7,1,405,85,105,85,40,50,40,5,0
Conkeldurr,7,1,505,105,140,95,55,65,45,5,0
Tympole,19,1,294,50,50,40,50,40,64,5,0
Palpitoad,19,12,384,75,65,55,65,55,69,5,0
Seismitoad,19,12,509,105,95,75,85,75,74,5,0
Throh,7,1,465,120,100,85,30,85,45,5,0
Sawk,7,1,465,75,125,75,30,75,85,5,0
Sewaddle,2,11,310,45,53,70,40,60,42,5,0
Swadloon,2,11,380,55,63,90,50,80,42,5,0
Leavanny,2,11,500,75,103,80,70,80,92,5,0
Venipede,2,15,260,30,45,59,30,39,57,5,0
Scolipede,2,15,485,60,100,89,55,69,112,5,0
Cottonee,11,6,280,40,27,60,37,50,66,5,0
Whimsicott,11,6,480,60,67,85,77,75,116,5,0
Petilil,11,1,280,45,35,50,70,50,30,5,0
Lilligant,11,1,480,70,60,75,110,75,90,5,0
Basculin,19,1,460,70,92,65,80,55,98,5,0
Sandile,12,3,292,50,72,35,35,35,65,5,0
Krokorok,12,3,351,60,82,45,45,45,74,5,0
Krookodile,12,3,519,95,117,80,65,70,92,5,0
Darumaka,8,1,315,70,90,45,15,45,50,5,0
DarmanitanStandard Mode,8,1,480,105,140,55,30,55,95,5,0
DarmanitanZen Mode,8,16,540,105,30,105,140,105,55,5,0
Maractus,11,1,461,75,86,67,106,67,60,5,0
Dwebble,2,17,325,50,65,85,35,35,55,5,0
Crustle,2,17,475,70,95,125,65,75,45,5,0
Scraggy,3,7,348,50,75,70,35,70,48,5,0
Scrafty,3,7,488,65,90,115,45,115,58,5,0
Sigilyph,16,9,490,72,58,80,103,80,97,5,0
Yamask,10,1,303,38,30,85,55,65,30,5,0
Cofagrigus,10,1,483,58,50,145,95,105,30,5,0
Tirtouga,19,17,355,54,78,103,53,45,22,5,0
Carracosta,19,17,495,74,108,133,83,65,32,5,0
Archen,17,9,401,55,112,45,74,45,70,5,0
Archeops,17,9,567,75,140,65,112,65,110,5,0
Trubbish,15,1,329,50,50,62,40,62,65,5,0
Garbodor,15,1,474,80,95,82,60,82,75,5,0
Zorua,3,1,330,40,65,40,80,40,65,5,0
Zoroark,3,1,510,60,105,60,120,60,105,5,0
Minccino,14,1,300,55,50,40,40,40,75,5,0
Cinccino,14,1,470,75,95,60,65,60,115,5,0
Gothita,16,1,290,45,30,50,55,65,45,5,0
Gothorita,16,1,390,60,45,70,75,85,55,5,0
Gothitelle,16,1,490,70,55,95,95,110,65,5,0
Solosis,16,1,290,45,30,40,105,50,20,5,0
Duosion,16,1,370,65,40,50,125,60,30,5,0
Reuniclus,16,1,490,110,65,75,125,85,30,5,0
Ducklett,19,9,305,62,44,50,44,50,55,5,0
Swanna,19,9,473,75,87,63,87,63,98,5,0
Vanillite,13,1,305,36,50,50,65,60,44,5,0
Vanillish,13,1,395,51,65,65,80,75,59,5,0
Vanilluxe,13,1,535,71,95,85,110,95,79,5,0
Deerling,14,11,335,60,60,50,40,50,75,5,0
Sawsbuck,14,11,475,80,100,70,60,70,95,5,0
Emolga,5,9,428,55,75,60,75,60,103,5,0
Karrablast,2,1,315,50,75,45,40,45,60,5,0
Foongus,11,15,294,69,55,45,55,55,15,5,0
Amoonguss,11,15,464,114,85,70,85,80,30,5,0
Frillish,19,10,335,55,40,50,65,85,40,5,0
Jellicent,19,10,480,100,60,70,85,105,60,5,0
Alomomola,19,1,470,165,75,80,40,45,65,5,0
Joltik,2,5,319,50,47,50,57,50,65,5,0
Galvantula,2,5,472,70,77,60,97,60,108,5,0
Ferroseed,11,18,305,44,50,91,24,86,10,5,0
Ferrothorn,11,18,489,74,94,131,54,116,20,5,0
Klink,18,1,300,40,55,70,45,60,30,5,0
Klang,18,1,440,60,80,95,70,85,50,5,0
Klinklang,18,1,520,60,100,115,70,85,90,5,0
Tynamo,5,1,275,35,55,40,45,40,60,5,0
Eelektrik,5,1,405,65,85,70,75,70,40,5,0
Eelektross,5,1,515,85,115,80,105,80,50,5,0
Elgyem,16,1,335,55,55,55,85,55,30,5,0
Beheeyem,16,1,485,75,75,75,125,95,40,5,0
Litwick,10,8,275,50,30,55,65,55,20,5,0
Lampent,10,8,370,60,40,60,95,60,55,5,0
Chandelure,10,8,520,60,55,90,145,90,80,5,0
Axew,4,1,320,46,87,60,30,40,57,5,0
Fraxure,4,1,410,66,117,70,40,50,67,5,0
Haxorus,4,1,540,76,147,90,60,70,97,5,0
Cubchoo,13,1,305,55,70,40,60,40,40,5,0
Beartic,13,1,485,95,110,80,70,80,50,5,0
Cryogonal,13,1,485,70,50,30,95,135,105,5,0
Shelmet,2,1,305,50,40,85,40,65,25,5,0
Accelgor,2,1,495,80,70,40,100,60,145,5,0
Stunfisk,12,5,471,109,66,84,81,99,32,5,0
Mienfoo,7,1,350,45,85,50,55,50,65,5,0
Mienshao,7,1,510,65,125,60,95,60,105,5,0
Druddigon,4,1,485,77,120,90,60,90,48,5,0
Golett,12,10,303,59,74,50,35,50,35,5,0
Golurk,12,10,483,89,124,80,55,80,55,5,0
Pawniard,3,18,340,45,85,70,40,40,60,5,0
Bisharp,3,18,490,65,125,100,60,70,70,5,0
Bouffalant,14,1,490,95,110,95,40,95,55,5,0
Rufflet,14,9,350,70,83,50,37,50,60,5,0
Braviary,14,9,510,100,123,75,57,75,80,5,0
Vullaby,3,9,370,70,55,75,45,65,60,5,0
Mandibuzz,3,9,510,110,65,105,55,95,80,5,0
Heatmor,8,1,484,85,97,66,105,66,65,5,0
Durant,2,18,484,58,109,112,48,48,109,5,0
Deino,3,4,300,52,65,50,45,50,38,5,0
Zweilous,3,4,420,72,85,70,65,70,58,5,0
Hydreigon,3,4,600,92,105,90,125,90,98,5,0
Larvesta,2,8,360,55,85,55,50,55,60,5,0
Volcarona,2,8,550,85,60,65,135,105,100,5,0
Cobalion,18,7,580,91,90,129,90,72,108,5,1
Terrakion,17,7,580,91,129,90,72,90,108,5,1
Virizion,11,7,580,91,90,72,90,129,108,5,1
TornadusIncarnate Forme,9,1,580,79,115,70,125,80,111,5,1
TornadusTherian Forme,9,1,580,79,100,80,110,90,121,5,1
ThundurusTherian Forme,5,9,580,79,105,70,145,80,101,5,1
ThundurusIncarnate Forme,5,9,580,79,115,70,125,80,111,5,1
Reshiram,4,8,680,100,120,100,150,120,90,5,1
Zekrom,4,5,680,100,150,120,120,100,90,5,1
LandorusTherian Forme,12,9,600,89,145,90,105,80,91,5,1
LandorusIncarnate Forme,12,9,600,89,125,90,115,80,101,5,1
KyuremWhite Kyurem,4,13,700,125,120,90,170,100,95,5,1
KyuremBlack Kyurem,4,13,700,125,170,100,120,90,95,5,1
Kyurem,4,13,660,125,130,90,130,90,95,5,1
KeldeoResolute Forme,19,7,580,91,72,90,129,90,108,5,0
KeldeoOrdinary Forme,19,7,580,91,72,90,129,90,108,5,0
MeloettaPirouette Forme,14,7,600,100,128,90,77,77,128,5,0
MeloettaAria Forme,14,16,600,100,77,77,128,128,90,5,0
Genesect,2,18,600,71,120,95,120,95,99,5,0
Chespin,11,1,313,56,61,65,48,45,38,6,0
Quilladin,11,1,405,61,78,95,56,58,57,6,0
Chesnaught,11,7,530,88,107,122,74,75,64,6,0
Fennekin,8,1,307,40,45,40,62,60,60,6,0
Delphox,8,16,534,75,69,72,114,100,104,6,0
Froakie,19,1,314,41,56,40,62,44,71,6,0
Frogadier,19,1,405,54,63,52,83,56,97,6,0
Greninja,19,3,530,72,95,67,103,71,122,6,0
Bunnelby,14,1,237,38,36,38,32,36,57,6,0
Diggersby,14,12,423,85,56,77,50,77,78,6,0
Fletchling,14,9,278,45,50,43,40,38,62,6,0
Fletchinder,8,9,382,62,73,55,56,52,84,6,0
Talonflame,8,9,499,78,81,71,74,69,126,6,0
Scatterbug,2,1,200,38,35,40,27,25,35,6,0
Spewpa,2,1,213,45,22,60,27,30,29,6,0
Vivillon,2,9,411,80,52,50,90,50,89,6,0
Litleo,8,14,369,62,50,58,73,54,72,6,0
Pyroar,8,14,507,86,68,72,109,66,106,6,0
FlabÃ©bÃ©,6,1,303,44,38,39,61,79,42,6,0
Floette,6,1,371,54,45,47,75,98,52,6,0
Florges,6,1,552,78,65,68,112,154,75,6,0
Skiddo,11,1,350,66,65,48,62,57,52,6,0
Gogoat,11,1,531,123,100,62,97,81,68,6,0
Pancham,7,1,348,67,82,62,46,48,43,6,0
Pangoro,7,3,495,95,124,78,69,71,58,6,0
Furfrou,14,1,472,75,80,60,65,90,102,6,0
Espurr,16,1,355,62,48,54,63,60,68,6,0
MeowsticMale,16,1,466,74,48,76,83,81,104,6,0
MeowsticFemale,16,1,466,74,48,76,83,81,104,6,0
Honedge,18,10,325,45,80,100,35,37,28,6,0
Doublade,18,10,448,59,110,150,45,49,35,6,0
AegislashShield Forme,18,10,520,60,50,150,50,150,60,6,0
AegislashBlade Forme,18,10,520,60,150,50,150,50,60,6,0
Spritzee,6,1,341,78,52,60,63,65,23,6,0
Aromatisse,6,1,462,101,72,72,99,89,29,6,0
Swirlix,6,1,341,62,48,66,59,57,49,6,0
Slurpuff,6,1,480,82,80,86,85,75,72,6,0
Inkay,3,16,288,53,54,53,37,46,45,6,0
Malamar,3,16,482,86,92,88,68,75,73,6,0
Binacle,17,19,306,42,52,67,39,56,50,6,0
Barbaracle,17,19,500,72,105,115,54,86,68,6,0
Skrelp,15,19,320,50,60,60,60,60,30,6,0
Dragalge,15,4,494,65,75,90,97,123,44,6,0
Clauncher,19,1,330,50,53,62,58,63,44,6,0
Clawitzer,19,1,500,71,73,88,120,89,59,6,0
Helioptile,5,14,289,44,38,33,61,43,70,6,0
Heliolisk,5,14,481,62,55,52,109,94,109,6,0
Tyrunt,17,4,362,58,89,77,45,45,48,6,0
Tyrantrum,17,4,521,82,121,119,69,59,71,6,0
Amaura,17,13,362,77,59,50,67,63,46,6,0
Aurorus,17,13,521,123,77,72,99,92,58,6,0
Sylveon,6,1,525,95,65,65,110,130,60,6,0
Hawlucha,7,9,500,78,92,75,74,63,118,6,0
Dedenne,5,6,431,67,58,57,81,67,101,6,0
Carbink,17,6,500,50,50,150,50,150,50,6,0
Goomy,4,1,300,45,50,35,55,75,40,6,0
Sliggoo,4,1,452,68,75,53,83,113,60,6,0
Goodra,4,1,600,90,100,70,110,150,80,6,0
Klefki,18,6,470,57,80,91,80,87,75,6,0
Phantump,10,11,309,43,70,48,50,60,38,6,0
Trevenant,10,11,474,85,110,76,65,82,56,6,0
PumpkabooSuper Size,10,11,335,59,66,70,44,55,41,6,0
PumpkabooLarge Size,10,11,335,54,66,70,44,55,46,6,0
PumpkabooSmall Size,10,11,335,44,66,70,44,55,56,6,0
PumpkabooAverage Size,10,11,335,49,66,70,44,55,51,6,0
GourgeistAverage Size,10,11,494,65,90,122,58,75,84,6,0
GourgeistLarge Size,10,11,494,75,95,122,58,75,69,6,0
GourgeistSmall Size,10,11,494,55,85,122,58,75,99,6,0
GourgeistSuper Size,10,11,494,85,100,122,58,75,54,6,0
Bergmite,13,1,304,55,69,85,32,35,28,6,0
Noibat,9,4,245,40,30,35,45,40,55,6,0
Noivern,9,4,535,85,70,80,97,80,123,6,0
Xerneas,6,1,680,126,131,95,131,98,99,6,1
Yveltal,3,9,680,126,131,95,131,98,99,6,1
Zygarde50% Forme,4,12,600,108,100,121,81,95,95,6,1
Diancie,17,6,600,50,100,150,100,150,50,6,1
DiancieMega Diancie,17,6,700,50,160,110,160,110,110,6,1
HoopaHoopa Unbound,16,3,680,80,160,60,170,130,80,6,1
HoopaHoopa Confined,16,10,600,80,110,60,150,130,70,6,1
Volcanion,8,19,600,80,110,120,130,90,70,6,1
